{"version":1,"lastPerfBoundaries":[0.001,0.002,0.004,0.006,0.008,0.01,0.015,0.02,0.03,0.05,0.07,0.1,0.15,0.25,"+Inf"],"log":[{"ts":1771156854859,"type":"svBoot","duration":8},{"ts":1771156895924,"type":"data","players":0,"fxsMemory":null,"nodeMemory":22.96,"perf":{"svSync":{"count":3676,"sum":0.1670000000000001,"buckets":[3674,0,2,0,0,0,0,0,0,0,0,0,0,0,0]},"svNetwork":{"count":3393,"sum":0.1760000000000001,"buckets":[3392,0,1,0,0,0,0,0,0,0,0,0,0,0,0]},"svMain":{"count":672,"sum":1.467999999999976,"buckets":[663,2,3,0,1,0,2,0,0,0,0,0,0,0,1]}}}]}